,Description,Precision,Recal,F1-Score,AUC,TN,TP,FN,FP,Model config
0,Main BRF only cat and num (train),0.1023555439875065,0.9943109987357776,0.1856047197640118,0.9835652650180176,249992,17303,99,151745,model_300
0,Main BRF only cat and num (test),0.07431857389304197,0.7127729980145598,0.13460256623896016,0.7127521127953171,60107,3231,1302,40244,model_300
