Description,Precision,Recal,F1-Score,AUC,TN,TP,FN,FP,Model config
LogReg train,0.09407119667692133,0.7626134927019883,0.16748277341679496,0.7994892643012166,273934,13271,4131,127803,model_302
LogReg test,0.08005822416302766,0.6187954996690933,0.1417740712661107,0.6873269595394553,68119,2805,1728,32232,model_302
