Description,Precision,Recal,F1-Score,AUC,TN,TP,FN,FP,Model config
LogReg train,0.10518257497653377,0.7855993563958166,0.1855254586906959,0.826142477226445,285434,13671,3731,116303,model_316
LogReg test,0.08036600496277915,0.57158614604015,0.14091860876186332,0.6707817385376182,70702,2591,1942,29649,model_316
