Description,Accuracy,Precision,Recal,F1-Score,AUC,TN,TP,FN,FP,Experiment config,Model config
TRAIN,0.9968262265700844,0.9996745443621069,0.993976053568317,0.9968171549109427,0.9988557212902874,40160,39931,242,13,configuration_31_under_and_over,model_305
TEST,0.8634777468441326,0.1174953095684803,0.3315684976836532,0.1735064935064935,0.725650929059869,89062,1503,3030,11289,configuration_31_under_and_over,model_305
